{{
    "floor": 1,
    "width": 10,
    "height": 10,
    "encounterRate": 0.10000000149011612,
    "enemyEncounterRates": [
        0.5,
        0.5
    ],
    "enemies": [
        "Bat",
        "Slime"
    ]
},{
    "floor": 2,
    "width": 10,
    "height": 15,
    "encounterRate": 0.15000000596046449,
    "enemyEncounterRates": [
        0.699999988079071,
        0.30000001192092898
    ],
    "enemies": [
        "Bat",
        "Slime"
    ]
}}